{
    "$schema": "https://schema.management.azure.com/schemas/2015-01-01/deploymentTemplate.json#",
    "contentVersion": "1.0.0.0",
    "parameters": {
        "vaults_Backup_SupMarket_name": {
            "defaultValue": "Backup-SupMarket",
            "type": "String"
        }
    },
    "variables": {},
    "resources": [
        {
            "type": "Microsoft.RecoveryServices/vaults",
            "apiVersion": "2018-01-10",
            "name": "[parameters('vaults_Backup_SupMarket_name')]",
            "location": "francecentral",
            "sku": {
                "name": "RS0",
                "tier": "Standard"
            },
            "properties": {}
        },
        {
            "type": "Microsoft.RecoveryServices/vaults/backupPolicies",
            "apiVersion": "2016-12-01",
            "name": "[concat(parameters('vaults_Backup_SupMarket_name'), '/DefaultPolicy')]",
            "dependsOn": [
                "[resourceId('Microsoft.RecoveryServices/vaults', parameters('vaults_Backup_SupMarket_name'))]"
            ],
            "properties": {
                "backupManagementType": "AzureIaasVM",
                "protectedItemsCount": 0
            }
        },
        {
            "type": "Microsoft.RecoveryServices/vaults/backupPolicies",
            "apiVersion": "2016-12-01",
            "name": "[concat(parameters('vaults_Backup_SupMarket_name'), '/HourlyLogBackup')]",
            "dependsOn": [
                "[resourceId('Microsoft.RecoveryServices/vaults', parameters('vaults_Backup_SupMarket_name'))]"
            ],
            "properties": {
                "backupManagementType": "AzureWorkload",
                "protectedItemsCount": 0
            }
        },
        {
            "type": "Microsoft.RecoveryServices/vaults/replicationAlertSettings",
            "apiVersion": "2018-01-10",
            "name": "[concat(parameters('vaults_Backup_SupMarket_name'), '/defaultAlertSetting')]",
            "dependsOn": [
                "[resourceId('Microsoft.RecoveryServices/vaults', parameters('vaults_Backup_SupMarket_name'))]"
            ],
            "properties": {
                "sendToOwners": "DoNotSend",
                "customEmailAddresses": []
            }
        }
    ]
}